Survey ID,Annual Income ($),Smart Speaker Ownership
1,30K - 75K,No
2,Less than 30K,No
3,More than 75K,No
4,30K - 75K,No
5,30K - 75K,Yes
6,30K - 75K,No
7,More than 75K,Yes
8,Less than 30K,Yes
9,More than 75K,Yes
10,More than 75K,No
11,More than 75K,Yes
12,Less than 30K,No
13,More than 75K,No
14,30K - 75K,No
15,Less than 30K,No
16,More than 75K,No
17,30K - 75K,Yes
18,30K - 75K,Yes
19,More than 75K,No
21,Less than 30K,No
22,30K - 75K,No
23,More than 75K,Yes
24,Less than 30K,No
25,30K - 75K,No
26,30K - 75K,No
27,30K - 75K,No
28,More than 75K,No
29,30K - 75K,No
30,30K - 75K,No
31,Less than 30K,Yes
32,30K - 75K,Yes
33,30K - 75K,No
34,30K - 75K,No
35,More than 75K,No
36,30K - 75K,Yes
37,More than 75K,No
38,30K - 75K,Yes
39,30K - 75K,No
40,Less than 30K,No
41,Less than 30K,No
42,30K - 75K,No
43,Less than 30K,No
44,More than 75K,No
45,30K - 75K,No
46,30K - 75K,No
47,More than 75K,No
48,Less than 30K,No
49,More than 75K,No
50,30K - 75K,No
51,30K - 75K,No
52,More than 75K,No
53,Less than 30K,No
54,More than 75K,No
55,More than 75K,Yes
56,More than 75K,No
57,30K - 75K,No
58,Less than 30K,No
59,More than 75K,No
60,More than 75K,No
61,More than 75K,No
62,Less than 30K,No
63,More than 75K,Yes
64,More than 75K,Yes
65,30K - 75K,No
66,More than 75K,Yes
67,30K - 75K,No
68,More than 75K,No
69,30K - 75K,No
70,Less than 30K,No
71,More than 75K,No
72,Less than 30K,No
73,30K - 75K,No
74,30K - 75K,No
75,30K - 75K,No
76,More than 75K,No
77,30K - 75K,No
78,Less than 30K,No
79,More than 75K,No
80,30K - 75K,No
81,More than 75K,No
82,Less than 30K,No
83,30K - 75K,Yes
84,More than 75K,Yes
85,30K - 75K,Yes
86,Less than 30K,No
87,Less than 30K,No
88,30K - 75K,No
89,More than 75K,Yes
90,Less than 30K,No
91,30K - 75K,No
92,30K - 75K,No
93,More than 75K,No
94,More than 75K,No
95,Less than 30K,Yes
96,More than 75K,No
97,More than 75K,No
98,More than 75K,Yes
99,30K - 75K,No
100,30K - 75K,No
101,Less than 30K,No
102,30K - 75K,No
103,Less than 30K,No
104,Less than 30K,No
105,More than 75K,No
106,More than 75K,Yes
107,30K - 75K,No
108,Less than 30K,No
109,More than 75K,No
110,Less than 30K,No
111,Less than 30K,No
112,30K - 75K,No
113,More than 75K,Yes
114,More than 75K,Yes
115,30K - 75K,No
116,30K - 75K,Yes
117,More than 75K,No
118,Less than 30K,No
119,30K - 75K,No
120,Less than 30K,No
121,More than 75K,Yes
122,More than 75K,No
123,30K - 75K,No
124,30K - 75K,No
125,Less than 30K,No
126,More than 75K,No
127,30K - 75K,No
128,30K - 75K,No
129,30K - 75K,Yes
130,30K - 75K,No
131,30K - 75K,No
132,Less than 30K,Yes
133,30K - 75K,No
134,30K - 75K,Yes
135,More than 75K,Yes
136,Less than 30K,No
137,Less than 30K,No
138,More than 75K,No
139,More than 75K,No
140,More than 75K,No
141,Less than 30K,No
142,Less than 30K,Yes
143,More than 75K,Yes
144,More than 75K,Yes
145,30K - 75K,Yes
146,30K - 75K,No
147,Less than 30K,No
148,30K - 75K,No
149,More than 75K,No
150,30K - 75K,Yes
151,More than 75K,No
152,More than 75K,No
153,30K - 75K,Yes
154,30K - 75K,No
155,30K - 75K,No
156,30K - 75K,No
157,More than 75K,No
158,More than 75K,Yes
159,More than 75K,No
160,More than 75K,No
161,30K - 75K,No
162,Less than 30K,No
163,30K - 75K,No
164,Less than 30K,Yes
165,30K - 75K,No
166,30K - 75K,No
167,Less than 30K,No
168,Less than 30K,No
169,30K - 75K,Yes
170,Less than 30K,No
171,Less than 30K,No
172,More than 75K,No
173,30K - 75K,Yes
174,Less than 30K,No
175,More than 75K,No
176,30K - 75K,No
177,More than 75K,Yes
178,More than 75K,No
179,30K - 75K,No
180,More than 75K,Yes
181,Less than 30K,No
182,Less than 30K,No
183,30K - 75K,No
184,Less than 30K,No
185,30K - 75K,No
186,30K - 75K,No
187,Less than 30K,No
188,More than 75K,Yes
189,Less than 30K,No
190,30K - 75K,No
191,30K - 75K,Yes
192,More than 75K,Yes
193,More than 75K,No
194,Less than 30K,No
195,30K - 75K,No
196,30K - 75K,No
197,Less than 30K,No
198,30K - 75K,No
199,30K - 75K,No
200,30K - 75K,No
201,30K - 75K,No
202,Less than 30K,No
203,30K - 75K,Yes
204,More than 75K,Yes
205,30K - 75K,No
206,Less than 30K,No
207,Less than 30K,No
208,30K - 75K,Yes
209,More than 75K,No
210,More than 75K,No
211,30K - 75K,No
212,More than 75K,No
213,More than 75K,No
214,30K - 75K,No
215,30K - 75K,No
216,More than 75K,No
217,More than 75K,Yes
218,30K - 75K,No
219,More than 75K,No
220,30K - 75K,No
221,Less than 30K,No
222,More than 75K,Yes
223,30K - 75K,No
224,More than 75K,No
225,30K - 75K,No
226,30K - 75K,No
227,More than 75K,Yes
228,More than 75K,No
229,30K - 75K,Yes
230,30K - 75K,No
231,30K - 75K,No
232,30K - 75K,No
233,Less than 30K,No
234,30K - 75K,No
235,Less than 30K,Yes
236,More than 75K,Yes
237,30K - 75K,No
238,30K - 75K,Yes
239,30K - 75K,Yes
240,Less than 30K,No
241,30K - 75K,No
242,30K - 75K,Yes
243,30K - 75K,No
244,30K - 75K,Yes
245,30K - 75K,No
246,30K - 75K,No
247,30K - 75K,No
248,30K - 75K,No
249,30K - 75K,No
250,30K - 75K,No
251,More than 75K,No
252,More than 75K,No
253,More than 75K,No
254,Less than 30K,No
255,More than 75K,Yes
256,Less than 30K,Yes
257,30K - 75K,No
258,Less than 30K,No
259,More than 75K,No
260,30K - 75K,No
261,30K - 75K,Yes
262,Less than 30K,No
263,30K - 75K,No
264,30K - 75K,No
265,30K - 75K,No
266,30K - 75K,Yes
267,Less than 30K,No
268,More than 75K,No
269,More than 75K,No
270,More than 75K,No
271,30K - 75K,No
272,More than 75K,No
273,More than 75K,No
274,30K - 75K,No
275,30K - 75K,Yes
276,More than 75K,Yes
277,Less than 30K,No
278,30K - 75K,No
279,More than 75K,Yes
280,More than 75K,No
281,30K - 75K,No
282,30K - 75K,No
283,30K - 75K,No
284,30K - 75K,No
285,30K - 75K,No
286,30K - 75K,No
287,More than 75K,Yes
288,More than 75K,No
289,Less than 30K,Yes
290,Less than 30K,Yes
291,More than 75K,Yes
292,More than 75K,No
293,Less than 30K,No
294,30K - 75K,No
295,Less than 30K,No
296,Less than 30K,No
297,30K - 75K,No
298,More than 75K,No
299,More than 75K,No
300,30K - 75K,No
301,30K - 75K,No
302,30K - 75K,No
303,30K - 75K,No
304,More than 75K,Yes
305,30K - 75K,No
306,30K - 75K,No
307,30K - 75K,No
308,30K - 75K,No
309,30K - 75K,No
310,Less than 30K,No
311,30K - 75K,No
312,Less than 30K,No
313,More than 75K,No
314,More than 75K,No
315,Less than 30K,Yes
316,30K - 75K,No
317,Less than 30K,No
318,30K - 75K,Yes
319,30K - 75K,No
320,More than 75K,No
321,Less than 30K,Yes
322,More than 75K,No
323,More than 75K,Yes
324,More than 75K,Yes
325,Less than 30K,No
326,More than 75K,Yes
327,More than 75K,Yes
328,Less than 30K,No
329,Less than 30K,Yes
330,More than 75K,No
331,30K - 75K,No
332,More than 75K,No
333,30K - 75K,Yes
334,30K - 75K,No
335,More than 75K,No
336,More than 75K,No
337,30K - 75K,Yes
338,30K - 75K,No
339,More than 75K,No
340,Less than 30K,No
341,More than 75K,No
342,30K - 75K,Yes
343,30K - 75K,No
344,Less than 30K,No
345,Less than 30K,No
346,More than 75K,No
347,More than 75K,Yes
348,30K - 75K,No
349,More than 75K,No
350,Less than 30K,No
351,Less than 30K,No
352,Less than 30K,No
353,30K - 75K,Yes
354,More than 75K,Yes
355,More than 75K,Yes
356,30K - 75K,No
357,30K - 75K,No
358,30K - 75K,Yes
359,30K - 75K,No
360,More than 75K,No
361,30K - 75K,No
362,More than 75K,No
363,More than 75K,No
364,More than 75K,Yes
365,Less than 30K,Yes
366,Less than 30K,No
367,Less than 30K,Yes
368,30K - 75K,No
369,Less than 30K,No
370,More than 75K,Yes
371,More than 75K,No
372,More than 75K,No
373,30K - 75K,Yes
374,30K - 75K,No
375,30K - 75K,No
376,Less than 30K,Yes
377,30K - 75K,No
378,More than 75K,No
379,30K - 75K,No
380,Less than 30K,No
381,30K - 75K,No
382,More than 75K,No
383,30K - 75K,Yes
384,More than 75K,No
385,30K - 75K,Yes
386,More than 75K,No
387,More than 75K,No
388,Less than 30K,No
389,30K - 75K,No
390,30K - 75K,Yes
391,More than 75K,No
392,More than 75K,No
393,Less than 30K,No
394,30K - 75K,No
395,More than 75K,Yes
396,Less than 30K,No
397,30K - 75K,No
398,30K - 75K,Yes
399,Less than 30K,No
400,More than 75K,No
401,Less than 30K,No
402,More than 75K,No
403,More than 75K,No
404,More than 75K,Yes
405,Less than 30K,No
406,Less than 30K,Yes
407,Less than 30K,No
408,30K - 75K,Yes
409,30K - 75K,No
410,30K - 75K,No
411,30K - 75K,Yes
412,Less than 30K,No
413,More than 75K,No
414,More than 75K,No
415,More than 75K,Yes
416,Less than 30K,No
417,30K - 75K,No
418,More than 75K,Yes
419,30K - 75K,No
420,30K - 75K,No
421,30K - 75K,No
422,Less than 30K,No
423,More than 75K,No
424,30K - 75K,Yes
425,30K - 75K,No
426,30K - 75K,Yes
427,30K - 75K,No
428,More than 75K,Yes
429,30K - 75K,No
430,30K - 75K,No
431,More than 75K,No
432,30K - 75K,No
433,Less than 30K,No
434,Less than 30K,No
435,Less than 30K,Yes
436,30K - 75K,No
437,30K - 75K,No
438,30K - 75K,No
439,Less than 30K,No
440,30K - 75K,No
441,30K - 75K,No
442,30K - 75K,No
443,More than 75K,Yes
444,Less than 30K,No
445,30K - 75K,No
446,More than 75K,No
447,30K - 75K,No
448,Less than 30K,No
449,30K - 75K,No
450,Less than 30K,No
451,More than 75K,Yes
452,More than 75K,Yes
453,Less than 30K,No
454,30K - 75K,No
455,30K - 75K,No
456,Less than 30K,No
457,30K - 75K,Yes
458,Less than 30K,No
459,Less than 30K,No
460,More than 75K,Yes
461,30K - 75K,No
462,More than 75K,Yes
463,30K - 75K,No
464,Less than 30K,No
465,More than 75K,No
466,More than 75K,No
467,30K - 75K,Yes
468,More than 75K,No
469,30K - 75K,No
470,30K - 75K,No
471,30K - 75K,No
472,Less than 30K,No
473,More than 75K,Yes
474,Less than 30K,No
475,30K - 75K,No
476,More than 75K,No
477,More than 75K,Yes
478,Less than 30K,No
479,30K - 75K,No
480,30K - 75K,No
481,More than 75K,Yes
482,30K - 75K,No
483,More than 75K,No
484,30K - 75K,Yes
485,Less than 30K,Yes
486,30K - 75K,No
487,30K - 75K,No
488,More than 75K,No
489,More than 75K,No
490,30K - 75K,No
491,30K - 75K,No
492,Less than 30K,No
493,30K - 75K,Yes
494,30K - 75K,No
495,30K - 75K,No
496,More than 75K,No
497,More than 75K,No
498,Less than 30K,No
499,More than 75K,No
500,30K - 75K,No
501,Less than 30K,No
502,More than 75K,Yes
503,More than 75K,No
504,30K - 75K,No
505,More than 75K,No
506,30K - 75K,No
507,More than 75K,No
508,30K - 75K,No
509,30K - 75K,No
510,Less than 30K,Yes
511,Less than 30K,No
512,Less than 30K,No
513,Less than 30K,No
514,30K - 75K,No
515,Less than 30K,Yes
516,Less than 30K,No
517,More than 75K,No
518,30K - 75K,No
519,Less than 30K,No
520,30K - 75K,No
521,More than 75K,Yes
522,Less than 30K,No
523,More than 75K,No
524,Less than 30K,Yes
525,Less than 30K,No
526,Less than 30K,No
527,Less than 30K,No
528,30K - 75K,No
529,30K - 75K,No
530,30K - 75K,No
531,30K - 75K,No
532,30K - 75K,Yes
533,Less than 30K,No
534,30K - 75K,Yes
535,More than 75K,No
536,30K - 75K,No
537,Less than 30K,Yes
538,Less than 30K,No
539,Less than 30K,No
540,30K - 75K,No
541,30K - 75K,No
542,Less than 30K,No
543,30K - 75K,No
544,30K - 75K,No
545,More than 75K,Yes
546,More than 75K,No
547,30K - 75K,No
548,Less than 30K,No
549,More than 75K,Yes
550,30K - 75K,No
551,More than 75K,Yes
552,More than 75K,Yes
553,More than 75K,No
554,More than 75K,No
555,Less than 30K,No
556,More than 75K,Yes
557,30K - 75K,No
558,30K - 75K,Yes
559,Less than 30K,No
560,Less than 30K,No
561,More than 75K,No
562,30K - 75K,No
563,30K - 75K,No
564,30K - 75K,No
565,Less than 30K,No
566,More than 75K,No
567,More than 75K,No
568,30K - 75K,No
569,30K - 75K,Yes
570,More than 75K,No
571,More than 75K,No
572,30K - 75K,Yes
573,30K - 75K,No
574,30K - 75K,Yes
575,Less than 30K,No
576,30K - 75K,No
577,30K - 75K,Yes
578,30K - 75K,No
579,More than 75K,No
580,More than 75K,No
581,Less than 30K,No
582,30K - 75K,Yes
583,More than 75K,No
584,30K - 75K,Yes
585,Less than 30K,No
586,Less than 30K,No
587,30K - 75K,No
588,30K - 75K,No
589,30K - 75K,No
590,More than 75K,No
591,30K - 75K,No
592,30K - 75K,No
593,Less than 30K,Yes
594,30K - 75K,No
595,Less than 30K,Yes
596,30K - 75K,No
597,30K - 75K,Yes
598,30K - 75K,Yes
599,Less than 30K,No
600,Less than 30K,Yes
601,Less than 30K,No
602,More than 75K,No
603,More than 75K,No
604,30K - 75K,No
605,30K - 75K,No
606,Less than 30K,No
607,30K - 75K,No
608,30K - 75K,No
609,More than 75K,Yes
610,Less than 30K,No
611,30K - 75K,No
612,30K - 75K,Yes
613,30K - 75K,No
614,30K - 75K,No
615,Less than 30K,No
616,30K - 75K,No
617,30K - 75K,No
618,Less than 30K,No
619,Less than 30K,No
620,More than 75K,No
621,More than 75K,No
622,30K - 75K,No
623,30K - 75K,No
624,30K - 75K,No
625,More than 75K,Yes
626,Less than 30K,No
627,More than 75K,No
628,Less than 30K,No
629,30K - 75K,Yes
630,Less than 30K,No
631,More than 75K,Yes
632,Less than 30K,No
633,30K - 75K,Yes
634,More than 75K,No
635,More than 75K,No
636,30K - 75K,No
637,More than 75K,Yes
638,More than 75K,No
639,Less than 30K,No
640,Less than 30K,No
641,30K - 75K,No
642,Less than 30K,No
643,More than 75K,Yes
644,30K - 75K,Yes
645,30K - 75K,No
646,Less than 30K,No
647,More than 75K,No
648,30K - 75K,No
649,30K - 75K,Yes
650,More than 75K,No
651,30K - 75K,Yes
652,30K - 75K,No
653,30K - 75K,Yes
654,30K - 75K,No
655,More than 75K,Yes
656,30K - 75K,Yes
657,More than 75K,Yes
658,Less than 30K,Yes
659,30K - 75K,No
660,Less than 30K,No
661,More than 75K,No
662,Less than 30K,No
663,Less than 30K,No
664,30K - 75K,No
665,30K - 75K,Yes
666,More than 75K,Yes
667,Less than 30K,No
668,More than 75K,No
669,More than 75K,No
670,Less than 30K,No
671,30K - 75K,No
672,More than 75K,Yes
673,More than 75K,Yes
674,30K - 75K,Yes
675,More than 75K,No
676,More than 75K,Yes
677,30K - 75K,Yes
678,Less than 30K,No
679,Less than 30K,No
680,30K - 75K,No
681,Less than 30K,No
682,More than 75K,Yes
683,Less than 30K,No
684,More than 75K,No
685,More than 75K,Yes
686,More than 75K,No
687,30K - 75K,Yes
688,30K - 75K,No
689,Less than 30K,No
690,Less than 30K,No
691,30K - 75K,Yes
692,More than 75K,Yes
693,More than 75K,No
694,30K - 75K,Yes
695,30K - 75K,No
696,More than 75K,No
697,More than 75K,No
698,Less than 30K,No
699,Less than 30K,No
700,Less than 30K,No
701,Less than 30K,No
702,More than 75K,Yes
703,Less than 30K,No
704,Less than 30K,No
705,30K - 75K,Yes
706,30K - 75K,No
707,30K - 75K,No
708,More than 75K,Yes
709,More than 75K,Yes
710,30K - 75K,No
711,30K - 75K,No
712,More than 75K,Yes
713,More than 75K,No
714,More than 75K,No
715,More than 75K,No
716,Less than 30K,No
717,30K - 75K,No
718,30K - 75K,No
719,30K - 75K,No
720,30K - 75K,Yes
721,30K - 75K,Yes
722,30K - 75K,No
723,More than 75K,No
724,More than 75K,No
725,More than 75K,No
726,More than 75K,Yes
727,30K - 75K,Yes
728,Less than 30K,Yes
729,Less than 30K,No
730,More than 75K,No
731,30K - 75K,No
732,More than 75K,Yes
733,More than 75K,No
734,More than 75K,No
735,More than 75K,Yes
736,Less than 30K,No
737,Less than 30K,No
738,Less than 30K,No
739,30K - 75K,Yes
740,More than 75K,Yes
741,Less than 30K,No
742,Less than 30K,Yes
743,30K - 75K,No
744,Less than 30K,No
745,More than 75K,Yes
746,Less than 30K,No
747,30K - 75K,No
748,Less than 30K,No
749,More than 75K,No
750,More than 75K,No
751,More than 75K,No
752,Less than 30K,No
753,More than 75K,No
754,More than 75K,Yes
755,More than 75K,No
756,30K - 75K,Yes
757,More than 75K,No
758,30K - 75K,No
759,More than 75K,Yes
760,More than 75K,No
761,30K - 75K,No
762,30K - 75K,No
763,More than 75K,No
764,More than 75K,No
765,Less than 30K,No
766,30K - 75K,No
767,Less than 30K,No
768,30K - 75K,No
769,Less than 30K,No
770,More than 75K,No
771,More than 75K,No
772,More than 75K,No
773,More than 75K,No
774,More than 75K,No
775,30K - 75K,No
776,30K - 75K,No
777,More than 75K,No
778,More than 75K,Yes
779,Less than 30K,Yes
780,30K - 75K,No
781,More than 75K,No
782,More than 75K,No
783,30K - 75K,No
784,More than 75K,Yes
785,Less than 30K,No
786,Less than 30K,No
787,30K - 75K,No
788,30K - 75K,No
789,More than 75K,No
790,Less than 30K,No
791,More than 75K,Yes
792,More than 75K,Yes
793,30K - 75K,No
794,Less than 30K,No
795,Less than 30K,Yes
796,Less than 30K,Yes
797,More than 75K,Yes
798,30K - 75K,No
799,Less than 30K,No
800,More than 75K,Yes
801,30K - 75K,No
802,Less than 30K,No
803,Less than 30K,No
804,Less than 30K,No
805,Less than 30K,No
806,30K - 75K,No
807,30K - 75K,No
808,30K - 75K,Yes
809,More than 75K,No
810,More than 75K,No
811,Less than 30K,No
812,More than 75K,Yes
813,30K - 75K,No
814,Less than 30K,No
815,More than 75K,No
816,More than 75K,No
817,More than 75K,Yes
818,30K - 75K,Yes
819,30K - 75K,Yes
820,Less than 30K,No
821,30K - 75K,Yes
822,Less than 30K,No
823,Less than 30K,No
824,More than 75K,Yes
825,Less than 30K,Yes
826,30K - 75K,Yes
827,More than 75K,No
828,Less than 30K,No
829,More than 75K,Yes
830,Less than 30K,No
831,30K - 75K,No
832,More than 75K,No
833,30K - 75K,No
834,Less than 30K,No
835,More than 75K,No
836,30K - 75K,No
837,30K - 75K,No
838,More than 75K,No
839,More than 75K,No
840,More than 75K,No
841,More than 75K,No
842,Less than 30K,No
843,30K - 75K,No
844,More than 75K,No
845,Less than 30K,No
846,Less than 30K,No
847,30K - 75K,No
848,30K - 75K,No
849,Less than 30K,No
850,30K - 75K,No
851,More than 75K,No
852,Less than 30K,No
853,Less than 30K,No
854,More than 75K,Yes
855,More than 75K,No
856,More than 75K,No
857,More than 75K,No
858,Less than 30K,No
859,30K - 75K,No
860,More than 75K,No
861,30K - 75K,No
862,More than 75K,No
863,Less than 30K,No
864,30K - 75K,Yes
865,30K - 75K,Yes
866,More than 75K,No
867,More than 75K,Yes
868,More than 75K,Yes
869,More than 75K,Yes
870,30K - 75K,No
871,More than 75K,Yes
872,30K - 75K,No
873,30K - 75K,No
874,Less than 30K,Yes
875,More than 75K,Yes
876,30K - 75K,No
877,30K - 75K,Yes
878,Less than 30K,Yes
879,30K - 75K,No
880,30K - 75K,Yes
881,30K - 75K,No
882,30K - 75K,No
883,Less than 30K,No
884,30K - 75K,No
885,30K - 75K,Yes
886,More than 75K,Yes
887,30K - 75K,No
888,30K - 75K,No
889,30K - 75K,No
890,More than 75K,Yes
891,Less than 30K,No
892,Less than 30K,No
893,More than 75K,Yes
894,30K - 75K,No
895,Less than 30K,No
896,Less than 30K,No
897,30K - 75K,Yes
898,More than 75K,No
899,30K - 75K,No
900,More than 75K,No
901,Less than 30K,Yes
902,Less than 30K,No
903,Less than 30K,No
904,Less than 30K,Yes
905,30K - 75K,No
906,30K - 75K,No
907,More than 75K,No
908,30K - 75K,No
909,More than 75K,No
910,More than 75K,No
911,30K - 75K,Yes
912,More than 75K,No
913,30K - 75K,No
914,More than 75K,Yes
915,More than 75K,Yes
916,More than 75K,Yes
917,More than 75K,No
918,30K - 75K,No
919,30K - 75K,Yes
920,30K - 75K,No
921,Less than 30K,No
922,30K - 75K,No
923,More than 75K,No
924,Less than 30K,No
925,More than 75K,Yes
926,More than 75K,No
927,30K - 75K,No
928,Less than 30K,No
929,More than 75K,Yes
930,30K - 75K,No
931,More than 75K,No
932,More than 75K,No
933,Less than 30K,No
934,More than 75K,Yes
935,More than 75K,No
936,More than 75K,No
937,More than 75K,No
938,Less than 30K,No
939,More than 75K,No
940,More than 75K,No
941,30K - 75K,No
942,30K - 75K,Yes
943,Less than 30K,Yes
944,30K - 75K,Yes
945,Less than 30K,Yes
946,Less than 30K,No
947,More than 75K,No
948,Less than 30K,No
949,More than 75K,No
950,30K - 75K,No
951,Less than 30K,No
952,More than 75K,No
953,Less than 30K,Yes
954,Less than 30K,No
955,More than 75K,No
956,30K - 75K,No
957,More than 75K,Yes
958,30K - 75K,No
959,More than 75K,No
960,30K - 75K,No
961,30K - 75K,No
962,30K - 75K,No
963,Less than 30K,No
964,Less than 30K,No
965,30K - 75K,No
966,Less than 30K,No
967,30K - 75K,Yes
968,More than 75K,Yes
969,30K - 75K,Yes
970,30K - 75K,No
971,More than 75K,No
972,More than 75K,No
973,Less than 30K,No
974,Less than 30K,No
975,More than 75K,Yes
976,Less than 30K,No
977,More than 75K,No
978,30K - 75K,No
979,More than 75K,No
980,More than 75K,Yes
981,30K - 75K,No
982,More than 75K,Yes
983,30K - 75K,No
984,30K - 75K,Yes
985,More than 75K,Yes
986,Less than 30K,Yes
987,More than 75K,No
988,30K - 75K,Yes
989,More than 75K,Yes
990,30K - 75K,No
991,30K - 75K,Yes
992,More than 75K,No
993,Less than 30K,No
994,More than 75K,No
995,More than 75K,No
996,More than 75K,No
997,More than 75K,No
998,30K - 75K,Yes
999,More than 75K,Yes
1000,Less than 30K,No
1001,Less than 30K,Yes
1002,30K - 75K,No
1003,Less than 30K,No
1004,30K - 75K,No
1005,Less than 30K,No
1006,More than 75K,Yes
1007,30K - 75K,No
1008,30K - 75K,No
1009,Less than 30K,No
1010,Less than 30K,Yes
1011,More than 75K,No
1012,Less than 30K,No
1013,30K - 75K,No
1014,More than 75K,Yes
1015,More than 75K,No
1016,30K - 75K,No
1017,More than 75K,No
1018,Less than 30K,No
1019,More than 75K,No
1020,More than 75K,No
1021,Less than 30K,No
1022,More than 75K,No
1023,30K - 75K,No
1024,Less than 30K,No
1025,30K - 75K,No
1026,More than 75K,Yes
1027,Less than 30K,No
1028,30K - 75K,No
1029,More than 75K,No
1030,More than 75K,No
1031,More than 75K,No
1032,Less than 30K,No
1033,More than 75K,Yes
1034,Less than 30K,Yes
1035,30K - 75K,Yes
1036,Less than 30K,No
1037,Less than 30K,No
1038,Less than 30K,No
1039,30K - 75K,No
1040,30K - 75K,No
1041,Less than 30K,Yes
1042,30K - 75K,No
1043,30K - 75K,Yes
1044,More than 75K,No
1045,More than 75K,No
1046,More than 75K,No
1047,30K - 75K,No
1048,30K - 75K,No
1049,Less than 30K,No
1050,More than 75K,Yes
1051,30K - 75K,No
1052,More than 75K,Yes
1053,Less than 30K,Yes
1054,More than 75K,No
1055,30K - 75K,Yes
1056,Less than 30K,Yes
1057,30K - 75K,No
1058,More than 75K,No
1059,More than 75K,No
1060,30K - 75K,Yes
1061,More than 75K,No
1062,More than 75K,Yes
1063,30K - 75K,Yes
1064,More than 75K,No
1065,30K - 75K,No
1066,30K - 75K,No
1067,More than 75K,Yes
1068,30K - 75K,No
1069,30K - 75K,No
1070,More than 75K,No
1071,30K - 75K,No
1072,More than 75K,No
1073,More than 75K,No
1074,Less than 30K,No
1075,Less than 30K,No
1076,Less than 30K,No
1077,More than 75K,Yes
1078,More than 75K,Yes
1079,30K - 75K,Yes
1080,More than 75K,No
1081,Less than 30K,No
1082,30K - 75K,No
1083,30K - 75K,No
1084,More than 75K,Yes
1085,30K - 75K,No
1086,More than 75K,No
1087,30K - 75K,No
1088,Less than 30K,No
1089,30K - 75K,Yes
1090,30K - 75K,No
1091,Less than 30K,No
1092,More than 75K,Yes
1093,30K - 75K,No
1094,30K - 75K,No
1095,30K - 75K,No
1096,30K - 75K,No
1097,30K - 75K,No
1098,30K - 75K,Yes
1099,Less than 30K,No
1100,Less than 30K,No
1101,30K - 75K,Yes
1102,More than 75K,No
1103,More than 75K,No
1104,30K - 75K,No
1105,30K - 75K,No
1106,Less than 30K,No
1107,More than 75K,No
1108,30K - 75K,No
1109,Less than 30K,Yes
1110,30K - 75K,No
1111,Less than 30K,No
1112,Less than 30K,No
1113,More than 75K,No
1114,More than 75K,No
1115,More than 75K,Yes
1116,30K - 75K,No
1117,Less than 30K,No
1118,30K - 75K,No
1119,More than 75K,No
1120,More than 75K,No
1121,Less than 30K,No
1122,30K - 75K,No
1123,30K - 75K,No
1124,More than 75K,No
1125,30K - 75K,No
1126,30K - 75K,No
1127,30K - 75K,No
1128,Less than 30K,No
1129,More than 75K,Yes
1130,Less than 30K,No
1131,More than 75K,No
1132,30K - 75K,No
1133,More than 75K,No
1134,Less than 30K,No
1135,30K - 75K,No
1136,30K - 75K,No
1137,30K - 75K,No
1138,Less than 30K,No
1139,30K - 75K,Yes
1140,30K - 75K,Yes
1141,More than 75K,No
1142,30K - 75K,Yes
1143,30K - 75K,Yes
1144,Less than 30K,No
1145,30K - 75K,No
1146,30K - 75K,Yes
1147,Less than 30K,No
1148,30K - 75K,No
1149,30K - 75K,No
1150,30K - 75K,Yes
1151,30K - 75K,No
1152,Less than 30K,No
1153,30K - 75K,No
1154,30K - 75K,Yes
1155,30K - 75K,No
1156,More than 75K,Yes
1157,Less than 30K,Yes
1158,30K - 75K,Yes
1159,30K - 75K,No
1160,Less than 30K,Yes
1161,More than 75K,No
1162,30K - 75K,No
1163,More than 75K,Yes
1164,Less than 30K,No
1165,Less than 30K,No
1166,More than 75K,No
1167,30K - 75K,No
1168,30K - 75K,No
1169,More than 75K,Yes
1170,Less than 30K,No
1171,More than 75K,Yes
1172,More than 75K,Yes
1173,More than 75K,No
1174,More than 75K,Yes
1175,More than 75K,No
1176,30K - 75K,No
1177,30K - 75K,No
1178,More than 75K,No
1179,Less than 30K,No
1180,30K - 75K,No
1181,More than 75K,No
1182,More than 75K,No
1183,Less than 30K,No
1184,More than 75K,No
1185,30K - 75K,No
1186,More than 75K,Yes
1187,More than 75K,No
1188,More than 75K,Yes
1189,Less than 30K,No
1190,More than 75K,No
1191,30K - 75K,No
1192,Less than 30K,No
1193,More than 75K,Yes
1194,30K - 75K,No
1195,More than 75K,No
1196,30K - 75K,No
1197,30K - 75K,No
1198,More than 75K,No
1199,More than 75K,No
1200,Less than 30K,No
1201,30K - 75K,No
1202,More than 75K,Yes
1203,Less than 30K,No
1204,30K - 75K,No
1205,Less than 30K,No
1206,More than 75K,No
1207,More than 75K,No
1208,More than 75K,No
1209,30K - 75K,No
1210,30K - 75K,No
1211,More than 75K,Yes
1212,30K - 75K,No
1213,30K - 75K,No
1214,30K - 75K,No
1215,More than 75K,Yes
1216,More than 75K,No
1217,Less than 30K,No
1218,Less than 30K,No
1219,30K - 75K,Yes
1220,30K - 75K,No
1221,More than 75K,Yes
1222,More than 75K,No
1223,30K - 75K,No
1224,30K - 75K,No
1225,30K - 75K,No
1226,More than 75K,No
1227,30K - 75K,No
1228,30K - 75K,No
1229,Less than 30K,No
1230,30K - 75K,No
1231,More than 75K,No
1232,More than 75K,No
1233,More than 75K,No
1234,More than 75K,Yes
1235,More than 75K,No
1236,30K - 75K,Yes
1237,More than 75K,No
1238,30K - 75K,No
1239,Less than 30K,Yes
1240,More than 75K,No
1241,More than 75K,Yes
1242,Less than 30K,No
1243,30K - 75K,No
1244,Less than 30K,No
1245,More than 75K,No
1246,More than 75K,No
1247,More than 75K,No
1248,More than 75K,No
1249,Less than 30K,No
1250,30K - 75K,No
1251,More than 75K,No
1252,More than 75K,Yes
1253,30K - 75K,No
1254,30K - 75K,No
1255,30K - 75K,No
1256,30K - 75K,Yes
1257,More than 75K,Yes
1258,More than 75K,No
1259,Less than 30K,No
1260,30K - 75K,No
1261,30K - 75K,Yes
1262,More than 75K,Yes
1263,Less than 30K,No
1264,30K - 75K,No
1265,30K - 75K,Yes
1266,More than 75K,Yes
1267,Less than 30K,No
1268,30K - 75K,No
1269,More than 75K,No
1270,Less than 30K,No
1271,Less than 30K,No
1272,More than 75K,No
1273,More than 75K,Yes
1274,Less than 30K,No
1275,30K - 75K,Yes
1276,More than 75K,No
1277,More than 75K,Yes
1278,Less than 30K,No
1279,More than 75K,No
1280,Less than 30K,Yes
1281,Less than 30K,No
1282,Less than 30K,No
1283,More than 75K,Yes
1284,More than 75K,No
1285,30K - 75K,No
1286,More than 75K,Yes
1287,Less than 30K,No
1288,Less than 30K,No
1289,30K - 75K,No
1290,30K - 75K,No
1291,More than 75K,No
1292,30K - 75K,No
1293,Less than 30K,No
1294,30K - 75K,No
1295,30K - 75K,No
1296,More than 75K,Yes
1297,30K - 75K,No
1298,More than 75K,Yes
1299,30K - 75K,No
1300,Less than 30K,No
1301,More than 75K,No
1302,30K - 75K,No
1303,30K - 75K,Yes
1304,More than 75K,Yes
1305,30K - 75K,No
1306,30K - 75K,No
1307,30K - 75K,No
1308,30K - 75K,Yes
1309,Less than 30K,No
1310,Less than 30K,No
1311,30K - 75K,No
1312,Less than 30K,No
1313,30K - 75K,Yes
1314,30K - 75K,No
1315,Less than 30K,No
1316,30K - 75K,No
1317,30K - 75K,No
1318,More than 75K,No
1319,30K - 75K,Yes
1320,More than 75K,Yes
1321,More than 75K,No
1322,30K - 75K,No
1323,30K - 75K,No
1324,30K - 75K,Yes
1325,30K - 75K,Yes
1326,Less than 30K,Yes
1327,More than 75K,Yes
1328,30K - 75K,No
1329,30K - 75K,Yes
1330,30K - 75K,Yes
1331,30K - 75K,No
1332,30K - 75K,No
1333,Less than 30K,No
1334,30K - 75K,No
1335,30K - 75K,No
1336,More than 75K,No
1337,More than 75K,No
1338,More than 75K,No
1339,Less than 30K,No
1340,Less than 30K,No
1341,Less than 30K,No
1342,30K - 75K,Yes
1343,Less than 30K,No
1344,Less than 30K,No
1345,Less than 30K,No
1346,30K - 75K,Yes
1347,30K - 75K,No
1348,30K - 75K,No
1349,Less than 30K,No
1350,30K - 75K,Yes
1351,30K - 75K,No
1352,More than 75K,No
1353,Less than 30K,Yes
1354,More than 75K,No
1355,Less than 30K,No
1356,30K - 75K,No
1357,More than 75K,No
1358,More than 75K,Yes
1359,More than 75K,Yes
1360,30K - 75K,No
1361,More than 75K,No
1362,More than 75K,Yes
1363,More than 75K,Yes
1364,30K - 75K,No
1365,30K - 75K,No
1366,Less than 30K,No
1367,Less than 30K,No
1368,Less than 30K,No
1369,Less than 30K,No
1370,More than 75K,Yes
1371,More than 75K,Yes
1372,30K - 75K,No
1373,More than 75K,No
1374,Less than 30K,No
1375,Less than 30K,No
1376,More than 75K,No
1377,30K - 75K,No
1378,30K - 75K,Yes
1379,More than 75K,Yes
1380,30K - 75K,No
1381,Less than 30K,No
1382,30K - 75K,No
1383,30K - 75K,No
1384,More than 75K,Yes
1385,30K - 75K,No
1386,More than 75K,No
1387,Less than 30K,No
1388,30K - 75K,No
1389,Less than 30K,Yes
1390,More than 75K,No
1391,Less than 30K,No
1392,More than 75K,No
1393,30K - 75K,No
1394,Less than 30K,No
1395,30K - 75K,No
1396,More than 75K,No
1397,Less than 30K,No
1398,Less than 30K,No
1399,30K - 75K,No
1400,30K - 75K,No
1401,30K - 75K,No
1402,30K - 75K,Yes
1403,Less than 30K,No
1404,30K - 75K,No
1405,Less than 30K,No
1406,30K - 75K,Yes
1407,Less than 30K,No
1408,30K - 75K,No
1409,More than 75K,Yes
1410,More than 75K,No
1411,30K - 75K,Yes
1412,Less than 30K,No
1413,More than 75K,Yes
1414,Less than 30K,Yes
1415,More than 75K,No
1416,More than 75K,No
1417,30K - 75K,Yes
1418,Less than 30K,No
1419,More than 75K,Yes
1420,Less than 30K,No
1421,Less than 30K,No
1422,Less than 30K,No
1423,30K - 75K,Yes
1424,More than 75K,No
1425,30K - 75K,No
1426,More than 75K,No
1427,30K - 75K,No
1428,30K - 75K,No
1429,More than 75K,Yes
1430,More than 75K,Yes
1431,Less than 30K,Yes
1432,30K - 75K,No
1433,More than 75K,Yes
1434,More than 75K,No
1435,More than 75K,Yes
1436,30K - 75K,No
1437,30K - 75K,No
1438,More than 75K,No
1439,More than 75K,Yes
1440,Less than 30K,No
1441,30K - 75K,No
1442,30K - 75K,No
1443,30K - 75K,No
1444,30K - 75K,Yes
1445,More than 75K,Yes
1446,30K - 75K,No
1447,More than 75K,No
1448,Less than 30K,Yes
1449,30K - 75K,No
1450,30K - 75K,No
1451,30K - 75K,No
1452,More than 75K,Yes
1453,30K - 75K,Yes
1454,More than 75K,No
1455,More than 75K,No
1456,30K - 75K,No
1457,More than 75K,No
1458,More than 75K,No
1459,Less than 30K,No
1460,More than 75K,No
1461,More than 75K,No
1462,More than 75K,No
1463,More than 75K,No
1464,30K - 75K,No
1465,Less than 30K,No
1466,More than 75K,Yes
1467,More than 75K,No
1468,30K - 75K,Yes
1469,More than 75K,Yes
1470,More than 75K,No
1471,Less than 30K,No
1472,30K - 75K,No
1473,More than 75K,No
1474,30K - 75K,No
1475,More than 75K,No
1476,30K - 75K,No
1477,30K - 75K,Yes
1478,Less than 30K,No
1479,Less than 30K,No
1480,More than 75K,Yes
1481,More than 75K,No
1482,30K - 75K,Yes
1483,30K - 75K,No
1484,Less than 30K,No
1485,Less than 30K,No
1486,30K - 75K,Yes
1487,30K - 75K,No
1488,More than 75K,Yes
1489,30K - 75K,No
1490,More than 75K,Yes
1491,Less than 30K,No
1492,Less than 30K,No
1493,30K - 75K,No
1494,More than 75K,Yes
1495,Less than 30K,No
1496,More than 75K,Yes
1497,Less than 30K,No
1498,30K - 75K,No
1499,30K - 75K,No
1500,More than 75K,Yes
1501,Less than 30K,No
1502,30K - 75K,No
1503,More than 75K,No
1504,30K - 75K,Yes
1505,30K - 75K,No
1506,More than 75K,No
1507,30K - 75K,Yes
1508,30K - 75K,No
1509,More than 75K,No
1510,30K - 75K,No
1511,More than 75K,No
1512,Less than 30K,No
1513,More than 75K,Yes
1514,More than 75K,Yes
1515,Less than 30K,Yes
1516,30K - 75K,No
1517,30K - 75K,No
1518,30K - 75K,No
1519,More than 75K,Yes
1520,More than 75K,No
1521,Less than 30K,No
1522,30K - 75K,No
1523,More than 75K,No
1524,Less than 30K,No
1525,More than 75K,Yes
1526,More than 75K,Yes
1527,30K - 75K,Yes
1528,30K - 75K,No
1529,30K - 75K,No
1530,Less than 30K,No
1531,More than 75K,No
1532,30K - 75K,No
1533,More than 75K,No
1534,More than 75K,No
1535,More than 75K,No
1536,30K - 75K,No
1537,30K - 75K,No
1538,30K - 75K,No
1539,More than 75K,No
1540,Less than 30K,No
1541,30K - 75K,No
1542,Less than 30K,No
1543,More than 75K,No
1544,More than 75K,No
1545,30K - 75K,No
1546,30K - 75K,Yes
1547,30K - 75K,Yes
1548,More than 75K,No
1549,More than 75K,No
1550,30K - 75K,No
1551,30K - 75K,No
1552,More than 75K,No
1553,More than 75K,No
1554,30K - 75K,No
1555,More than 75K,No
1556,More than 75K,No
1557,More than 75K,No
1558,30K - 75K,No
1559,30K - 75K,Yes
1560,More than 75K,No
1561,Less than 30K,No
1562,30K - 75K,Yes
1563,Less than 30K,No
1564,30K - 75K,No
1565,30K - 75K,No
1566,Less than 30K,No
1567,More than 75K,Yes
1568,Less than 30K,Yes
1569,More than 75K,No
1570,More than 75K,No
1571,More than 75K,No
1572,Less than 30K,No
1573,30K - 75K,No
1574,Less than 30K,No
1575,Less than 30K,No
1576,More than 75K,No
1577,Less than 30K,No
1578,30K - 75K,Yes
1579,Less than 30K,No
1580,Less than 30K,No
1581,Less than 30K,No
1582,More than 75K,No
1583,30K - 75K,No
1584,More than 75K,No
1585,30K - 75K,No
1586,More than 75K,No
1587,More than 75K,Yes
1588,30K - 75K,No
1589,30K - 75K,No
1590,More than 75K,No
1591,More than 75K,No
1592,30K - 75K,Yes
1593,30K - 75K,No
1594,Less than 30K,No
1595,30K - 75K,No
1596,Less than 30K,No
1597,30K - 75K,No
1598,30K - 75K,No
1599,30K - 75K,Yes
1600,30K - 75K,No
1601,30K - 75K,No
1602,30K - 75K,No
1603,Less than 30K,Yes
1604,30K - 75K,No
1605,Less than 30K,No
1606,More than 75K,No
1607,Less than 30K,No
1608,30K - 75K,No
1609,30K - 75K,No
1610,More than 75K,Yes
1611,More than 75K,Yes
1612,Less than 30K,No
1613,More than 75K,Yes
1614,Less than 30K,No
1615,30K - 75K,No
1616,Less than 30K,No
1617,More than 75K,No
1618,Less than 30K,No
1619,30K - 75K,No
1620,More than 75K,No
1621,Less than 30K,No
1622,More than 75K,No
1623,30K - 75K,Yes
1624,More than 75K,No
1625,More than 75K,No
1626,30K - 75K,Yes
1627,More than 75K,No
1628,30K - 75K,No
1629,30K - 75K,Yes
1630,30K - 75K,Yes
1631,More than 75K,No
1632,Less than 30K,No
1633,More than 75K,No
1634,More than 75K,No
1635,30K - 75K,No
1636,Less than 30K,Yes
1637,30K - 75K,No
1638,30K - 75K,Yes
1639,More than 75K,No
1640,Less than 30K,Yes
1641,Less than 30K,No
1642,More than 75K,Yes
1643,Less than 30K,No
1644,More than 75K,Yes
1645,More than 75K,Yes
1646,More than 75K,No
1647,Less than 30K,No
1648,Less than 30K,Yes
1649,30K - 75K,No
1650,More than 75K,No
1651,More than 75K,No
1652,More than 75K,Yes
1653,More than 75K,No
1654,More than 75K,No
1655,More than 75K,No
1656,30K - 75K,Yes
1657,More than 75K,No
1658,Less than 30K,No
1659,More than 75K,No
1660,More than 75K,Yes
1661,Less than 30K,No
1662,More than 75K,No
1663,More than 75K,Yes
1664,Less than 30K,No
1665,Less than 30K,No
1666,30K - 75K,No
1667,Less than 30K,No
1668,30K - 75K,No
1669,30K - 75K,No
1670,Less than 30K,No
1671,30K - 75K,No
1672,30K - 75K,No
1673,Less than 30K,Yes
1674,30K - 75K,Yes
1675,Less than 30K,No
1676,30K - 75K,No
1677,30K - 75K,No
1678,30K - 75K,No
1679,Less than 30K,No
1680,Less than 30K,No
1681,30K - 75K,Yes
1682,Less than 30K,No
1683,30K - 75K,No
1684,More than 75K,Yes
1685,More than 75K,Yes
1686,More than 75K,Yes
1687,30K - 75K,No
1688,Less than 30K,No
1689,More than 75K,No
1690,More than 75K,Yes
1691,More than 75K,No
1692,30K - 75K,No
1693,More than 75K,No
1694,30K - 75K,No
1695,Less than 30K,No
1696,30K - 75K,No
1697,30K - 75K,Yes
1698,Less than 30K,No
1699,Less than 30K,No
1700,More than 75K,No
1701,Less than 30K,No
1702,Less than 30K,No
1703,30K - 75K,Yes
1704,Less than 30K,No
1705,More than 75K,Yes
1706,More than 75K,No
1707,Less than 30K,No
1708,30K - 75K,No
1709,More than 75K,Yes
1710,Less than 30K,No
1711,Less than 30K,No
1712,30K - 75K,No
1713,30K - 75K,Yes
1714,30K - 75K,No
1715,More than 75K,Yes
1716,Less than 30K,No
1717,More than 75K,Yes
1718,30K - 75K,No
1719,More than 75K,No
1720,30K - 75K,No
1721,Less than 30K,No
1722,Less than 30K,No
1723,30K - 75K,No
1724,Less than 30K,No
1725,More than 75K,Yes
1726,More than 75K,No
1727,More than 75K,No
1728,More than 75K,No
1729,30K - 75K,No
1730,Less than 30K,Yes
1731,More than 75K,Yes
1732,Less than 30K,No
1733,30K - 75K,No
1734,30K - 75K,No
1735,Less than 30K,No
1736,30K - 75K,No
1737,More than 75K,Yes
1738,More than 75K,No
1739,Less than 30K,No
1740,Less than 30K,No
1741,Less than 30K,No
1742,More than 75K,No
1743,30K - 75K,No
1744,Less than 30K,No
1745,30K - 75K,No
1746,Less than 30K,No
1747,30K - 75K,No
1748,30K - 75K,No
1749,More than 75K,No
1750,More than 75K,No
1751,Less than 30K,Yes
1752,Less than 30K,No
1753,30K - 75K,No
1754,Less than 30K,No
1755,30K - 75K,Yes
1756,More than 75K,No
1757,30K - 75K,No
1758,Less than 30K,No
1759,30K - 75K,No
1760,30K - 75K,No
1761,More than 75K,No
1762,Less than 30K,No
1763,30K - 75K,No
1764,More than 75K,Yes
1765,More than 75K,No
1766,30K - 75K,Yes
1767,30K - 75K,No
1768,30K - 75K,No
1769,Less than 30K,No
1770,Less than 30K,Yes
1771,Less than 30K,No
1772,Less than 30K,No
1773,Less than 30K,No
1774,Less than 30K,No
1775,More than 75K,Yes
1776,Less than 30K,No
1777,Less than 30K,Yes
1778,30K - 75K,Yes
1779,30K - 75K,No
1780,30K - 75K,Yes
1781,More than 75K,Yes
1782,30K - 75K,No
1783,30K - 75K,No
1784,Less than 30K,No
1785,More than 75K,No
1786,More than 75K,Yes
1787,Less than 30K,No
1788,30K - 75K,Yes
1789,30K - 75K,No
1790,Less than 30K,No
1791,More than 75K,Yes
1792,30K - 75K,No
1793,30K - 75K,No
1794,More than 75K,No
1795,30K - 75K,No
1796,Less than 30K,No
1797,More than 75K,No
1798,30K - 75K,No
1799,More than 75K,No
1800,30K - 75K,No
1801,30K - 75K,No
1802,Less than 30K,No
1803,30K - 75K,No
1804,30K - 75K,No
1805,More than 75K,Yes
1806,More than 75K,No
1807,Less than 30K,No
1808,More than 75K,No
1809,Less than 30K,No
1810,30K - 75K,No
1811,More than 75K,No
1812,More than 75K,No
1813,More than 75K,Yes
1814,Less than 30K,No
1815,Less than 30K,No
1816,30K - 75K,No
1817,30K - 75K,No
1818,More than 75K,No
1819,Less than 30K,Yes
1820,30K - 75K,No
1821,More than 75K,No
1822,30K - 75K,No
1823,30K - 75K,No
1824,30K - 75K,No
1825,30K - 75K,No
1826,More than 75K,No
1827,More than 75K,Yes
1828,Less than 30K,No
1829,Less than 30K,No
1830,30K - 75K,Yes
1831,Less than 30K,No
1832,Less than 30K,No
1833,30K - 75K,No
1834,More than 75K,No
1835,30K - 75K,No
1836,More than 75K,No
1837,Less than 30K,Yes
1838,30K - 75K,Yes
1839,30K - 75K,No
1840,30K - 75K,No
1841,More than 75K,Yes
1842,More than 75K,No
1843,Less than 30K,No
1844,More than 75K,Yes
1845,More than 75K,Yes
1846,30K - 75K,No
1847,30K - 75K,No
1848,More than 75K,No
1849,Less than 30K,No
1850,30K - 75K,No
1851,More than 75K,Yes
1852,30K - 75K,Yes
1853,30K - 75K,No
1854,30K - 75K,Yes
1855,More than 75K,No
1856,Less than 30K,No
1857,More than 75K,Yes
1858,Less than 30K,No
1859,30K - 75K,No
1860,30K - 75K,No
1861,More than 75K,No
1862,30K - 75K,No
1863,30K - 75K,Yes
1864,More than 75K,No
1865,More than 75K,No
1866,30K - 75K,No
1867,30K - 75K,No
1868,More than 75K,No
1869,30K - 75K,No
1870,More than 75K,No
1871,30K - 75K,No
1872,More than 75K,Yes
1873,More than 75K,No
1874,Less than 30K,No
1875,30K - 75K,No
1876,30K - 75K,No
1877,30K - 75K,No
1878,Less than 30K,No
1879,Less than 30K,No
1880,Less than 30K,No
1881,30K - 75K,No
1882,30K - 75K,Yes
1883,More than 75K,No
1884,Less than 30K,No
1885,30K - 75K,No
1886,Less than 30K,Yes
1887,30K - 75K,No
1888,Less than 30K,No
1889,30K - 75K,Yes
1890,30K - 75K,Yes
1891,Less than 30K,Yes
1892,30K - 75K,No
1893,More than 75K,Yes
1894,30K - 75K,Yes
1895,More than 75K,No
1896,Less than 30K,No
1897,30K - 75K,Yes
1898,More than 75K,No
1899,30K - 75K,No
1900,30K - 75K,Yes
1901,30K - 75K,No
1902,More than 75K,Yes
1903,30K - 75K,No
1904,More than 75K,No
1905,30K - 75K,Yes
1906,More than 75K,No
1907,More than 75K,No
1908,30K - 75K,No
1909,30K - 75K,No
1910,Less than 30K,No
1911,More than 75K,No
1912,More than 75K,No
1913,30K - 75K,No
1914,More than 75K,No
1915,30K - 75K,No
1916,30K - 75K,Yes
1917,30K - 75K,No
1918,More than 75K,No
1919,More than 75K,No
1920,30K - 75K,No
1921,More than 75K,No
1922,More than 75K,No
1923,30K - 75K,No
1924,Less than 30K,Yes
1925,Less than 30K,No
1926,30K - 75K,No
1927,Less than 30K,No
1928,More than 75K,Yes
1929,More than 75K,No
1930,30K - 75K,No
1931,More than 75K,No
1932,More than 75K,No
1933,More than 75K,No
1934,30K - 75K,No
1935,Less than 30K,No
1936,Less than 30K,No
1937,Less than 30K,Yes
1938,Less than 30K,Yes
1939,30K - 75K,No
1940,Less than 30K,No
1941,More than 75K,Yes
1942,Less than 30K,No
1943,More than 75K,No
1944,30K - 75K,Yes
1945,30K - 75K,No
1946,Less than 30K,Yes
1947,30K - 75K,Yes
1948,More than 75K,No
1949,More than 75K,No
1950,30K - 75K,No
1951,Less than 30K,No
1952,More than 75K,No
1953,30K - 75K,No
1954,Less than 30K,No
1955,30K - 75K,No
1956,Less than 30K,No
1957,30K - 75K,No
1958,More than 75K,No
1959,30K - 75K,No
1960,More than 75K,Yes
1961,More than 75K,No
1962,30K - 75K,Yes
1963,30K - 75K,No
1964,30K - 75K,No
1965,30K - 75K,No
1966,More than 75K,No
1967,More than 75K,No
1968,30K - 75K,No
1969,More than 75K,No
1970,30K - 75K,Yes
1971,30K - 75K,Yes
1972,Less than 30K,No
1973,30K - 75K,No
1974,30K - 75K,No
1975,30K - 75K,No
1976,Less than 30K,No
1977,More than 75K,Yes
1978,More than 75K,No
1979,More than 75K,No
1980,Less than 30K,No
1981,30K - 75K,Yes
1982,More than 75K,Yes
1983,30K - 75K,No
1984,30K - 75K,No
1985,30K - 75K,Yes
1986,Less than 30K,Yes
1987,More than 75K,No
1988,30K - 75K,Yes
1989,30K - 75K,No
1990,More than 75K,No
1991,30K - 75K,No
1992,Less than 30K,No
1993,30K - 75K,No
1994,More than 75K,No
1995,30K - 75K,No
1996,Less than 30K,No
1997,30K - 75K,No
1998,More than 75K,Yes
1999,Less than 30K,Yes
2000,Less than 30K,No
2001,30K - 75K,No
2002,More than 75K,Yes
2003,More than 75K,No
2004,30K - 75K,No
2005,Less than 30K,No
2006,30K - 75K,No
2007,More than 75K,No
2008,More than 75K,No
2009,Less than 30K,No
2010,Less than 30K,No
2011,30K - 75K,No
2012,More than 75K,Yes
2013,30K - 75K,No
2014,Less than 30K,Yes
2015,30K - 75K,No
2016,More than 75K,No
2017,30K - 75K,No
2018,More than 75K,No
2019,More than 75K,Yes
2020,Less than 30K,No
2021,30K - 75K,Yes
2022,Less than 30K,Yes
2023,Less than 30K,No
2024,30K - 75K,No
2025,Less than 30K,No
2026,30K - 75K,No
2027,30K - 75K,No
2028,More than 75K,Yes
2029,30K - 75K,No
2030,30K - 75K,No
2031,More than 75K,No
2032,30K - 75K,No
2033,Less than 30K,No
2034,More than 75K,Yes
2035,30K - 75K,Yes
2036,Less than 30K,No
2037,More than 75K,No
2038,30K - 75K,Yes
2039,30K - 75K,No
2040,More than 75K,Yes
2041,30K - 75K,Yes
2042,Less than 30K,No
2043,30K - 75K,No
2044,30K - 75K,Yes
2045,More than 75K,No
2046,30K - 75K,No
2047,More than 75K,Yes
2048,More than 75K,Yes
2049,More than 75K,Yes
2050,More than 75K,No
2051,More than 75K,Yes
2052,30K - 75K,No
2053,30K - 75K,No
2054,30K - 75K,No
2055,More than 75K,Yes
2056,More than 75K,No
2057,30K - 75K,No
2058,More than 75K,No
2059,Less than 30K,No
2060,Less than 30K,No
2061,More than 75K,No
2062,Less than 30K,No
2063,Less than 30K,No
2064,More than 75K,Yes
2065,30K - 75K,No
2066,Less than 30K,No
2067,30K - 75K,No
2068,Less than 30K,No
2069,30K - 75K,No
2070,More than 75K,Yes
2071,Less than 30K,No
2072,More than 75K,No
2073,More than 75K,Yes
2074,More than 75K,No
2075,30K - 75K,No
2076,More than 75K,Yes
2077,More than 75K,Yes
2078,Less than 30K,No
2079,Less than 30K,No
2080,More than 75K,No
2081,30K - 75K,Yes
2082,30K - 75K,No
2083,Less than 30K,No
2084,Less than 30K,No
2085,More than 75K,No
2086,30K - 75K,No
2087,More than 75K,No
2088,30K - 75K,No
2089,30K - 75K,Yes
2090,More than 75K,No
2091,30K - 75K,Yes
2092,30K - 75K,Yes
2093,More than 75K,No
2094,More than 75K,No
2095,Less than 30K,No
2096,More than 75K,Yes
2097,More than 75K,Yes
2098,30K - 75K,No
2099,More than 75K,No
2100,30K - 75K,No
2101,30K - 75K,No
2102,More than 75K,No
2103,30K - 75K,No
2104,30K - 75K,Yes
2105,30K - 75K,No
2106,30K - 75K,No
2107,30K - 75K,Yes
2108,30K - 75K,No
2109,More than 75K,No
2110,More than 75K,Yes
2111,Less than 30K,Yes
2112,30K - 75K,No
2113,More than 75K,No
2114,More than 75K,Yes
2115,30K - 75K,No
2116,30K - 75K,No
2117,30K - 75K,No
2118,Less than 30K,No
2119,More than 75K,No
2120,Less than 30K,No
2121,More than 75K,No
2122,More than 75K,Yes
2123,30K - 75K,No
2124,Less than 30K,No
2125,30K - 75K,No
2126,Less than 30K,No
2127,Less than 30K,No
2128,Less than 30K,No
2129,30K - 75K,No
2130,Less than 30K,No
2131,Less than 30K,No
2132,30K - 75K,No
2133,30K - 75K,Yes
2134,30K - 75K,Yes
2135,More than 75K,No
2136,30K - 75K,No
2137,Less than 30K,No
2138,More than 75K,No
2139,30K - 75K,No
2140,More than 75K,No
2141,More than 75K,No
2142,More than 75K,Yes
2143,Less than 30K,No
2144,30K - 75K,No
2145,More than 75K,Yes
2146,30K - 75K,No
2147,More than 75K,No
2148,30K - 75K,No
2149,30K - 75K,No
2150,More than 75K,Yes
2151,30K - 75K,No
2152,30K - 75K,Yes
2153,30K - 75K,No
2154,Less than 30K,No
2155,More than 75K,No
2156,Less than 30K,No
2157,30K - 75K,No
2158,More than 75K,No
2159,More than 75K,No
2160,30K - 75K,No
2161,Less than 30K,No
2162,More than 75K,No
2163,30K - 75K,No
2164,More than 75K,No
2165,30K - 75K,No
2166,More than 75K,No
2167,More than 75K,No
2168,Less than 30K,No
2169,More than 75K,No
2170,Less than 30K,Yes
2171,More than 75K,No
2172,More than 75K,Yes
2173,More than 75K,No
2174,30K - 75K,Yes
2175,Less than 30K,No
2176,30K - 75K,No
2177,Less than 30K,Yes
2178,Less than 30K,No
2179,More than 75K,No
2180,More than 75K,Yes
2181,More than 75K,No
2182,Less than 30K,No
2183,30K - 75K,Yes
2184,Less than 30K,No
2185,30K - 75K,No
2186,Less than 30K,Yes
2187,Less than 30K,No
2188,Less than 30K,No
2189,More than 75K,Yes
2190,Less than 30K,No
2191,Less than 30K,Yes
2192,Less than 30K,No
2193,Less than 30K,No
2194,Less than 30K,No
2195,More than 75K,No
2196,More than 75K,No
2197,30K - 75K,Yes
2198,Less than 30K,Yes
2199,30K - 75K,No
2200,30K - 75K,No
2201,More than 75K,No
2202,Less than 30K,No
2203,Less than 30K,No
2204,Less than 30K,No
2205,More than 75K,Yes
2206,More than 75K,No
2207,Less than 30K,No
2208,Less than 30K,Yes
2209,More than 75K,Yes
2210,More than 75K,No
2211,30K - 75K,Yes
2212,30K - 75K,No
2213,30K - 75K,No
2214,30K - 75K,Yes
2215,Less than 30K,No
2216,More than 75K,No
2217,30K - 75K,Yes
2218,More than 75K,Yes
2219,Less than 30K,Yes
2220,30K - 75K,Yes
2221,More than 75K,No
2222,More than 75K,Yes
2223,30K - 75K,No
2224,30K - 75K,No
2225,30K - 75K,No
2226,More than 75K,No
2227,30K - 75K,No
2228,30K - 75K,No
2229,30K - 75K,No
2230,30K - 75K,No
2231,More than 75K,No
2232,Less than 30K,No
2233,More than 75K,No
2234,More than 75K,No
2235,More than 75K,Yes
2236,30K - 75K,No
2237,More than 75K,No
2238,30K - 75K,No
2239,30K - 75K,No
2240,30K - 75K,No
2241,More than 75K,Yes
2242,More than 75K,No
2243,Less than 30K,No
2244,30K - 75K,Yes
2245,30K - 75K,Yes
2246,Less than 30K,No
2247,Less than 30K,No
2248,30K - 75K,No
2249,More than 75K,No
2250,More than 75K,No
2251,Less than 30K,Yes
2252,Less than 30K,No
2253,Less than 30K,No
2254,More than 75K,No
2255,Less than 30K,No
2256,30K - 75K,No
2257,30K - 75K,No
2258,Less than 30K,Yes
2259,More than 75K,No
2260,30K - 75K,Yes
2261,30K - 75K,No
2262,Less than 30K,No
2263,Less than 30K,No
2264,More than 75K,No
2265,Less than 30K,No
2266,More than 75K,No
2267,30K - 75K,No
2268,Less than 30K,No
2269,Less than 30K,No
2270,30K - 75K,No
2271,30K - 75K,Yes
2272,More than 75K,No
2273,More than 75K,No
2274,30K - 75K,Yes
2275,30K - 75K,Yes
2276,Less than 30K,No
2277,30K - 75K,No
2278,30K - 75K,No
2279,30K - 75K,No
2280,More than 75K,No
2281,30K - 75K,Yes
2282,Less than 30K,No
2283,Less than 30K,No
2284,More than 75K,No
2285,Less than 30K,No
2286,Less than 30K,No
2287,30K - 75K,No
2288,More than 75K,No
2289,More than 75K,No
2290,30K - 75K,No
2291,30K - 75K,Yes
2292,Less than 30K,No
2293,30K - 75K,No
2294,Less than 30K,No
2295,Less than 30K,No
2296,30K - 75K,No
2297,More than 75K,Yes
2298,30K - 75K,No
2299,30K - 75K,Yes
2300,30K - 75K,No
2301,30K - 75K,Yes
2302,More than 75K,No
2303,30K - 75K,Yes
2304,More than 75K,No
2305,More than 75K,No
2306,30K - 75K,No
2307,30K - 75K,Yes
2308,More than 75K,No
2309,Less than 30K,No
2310,More than 75K,No
2311,30K - 75K,No
2312,Less than 30K,No
2313,30K - 75K,No
2314,30K - 75K,No
2315,Less than 30K,No
2316,30K - 75K,No
2317,30K - 75K,No
2318,More than 75K,Yes
2319,More than 75K,No
2320,More than 75K,No
2321,More than 75K,No
2322,30K - 75K,Yes
2323,Less than 30K,No
2324,30K - 75K,No
2325,30K - 75K,No
2326,More than 75K,No
2327,More than 75K,No
2328,Less than 30K,No
2329,More than 75K,Yes
2330,Less than 30K,Yes
2331,More than 75K,No
2332,More than 75K,No
2333,30K - 75K,No
2334,30K - 75K,Yes
2335,Less than 30K,No
2336,30K - 75K,No
2337,More than 75K,Yes
2338,30K - 75K,No
2339,More than 75K,No
2340,More than 75K,No
2341,Less than 30K,No
2342,30K - 75K,No
2343,More than 75K,No
2344,30K - 75K,No
2345,More than 75K,No
2346,More than 75K,Yes
2347,More than 75K,No
2348,Less than 30K,No
2349,30K - 75K,No
2350,More than 75K,No
2351,30K - 75K,Yes
2352,Less than 30K,No
2353,More than 75K,No
2354,Less than 30K,No
2355,Less than 30K,No
2356,More than 75K,Yes
2357,Less than 30K,No
2358,More than 75K,No
2359,Less than 30K,No
2360,Less than 30K,No
2361,30K - 75K,No
2362,More than 75K,No
2363,More than 75K,No
2364,30K - 75K,No
2365,More than 75K,No
2366,30K - 75K,No
2367,30K - 75K,No
2368,30K - 75K,No
2369,More than 75K,No
2370,More than 75K,No
2371,30K - 75K,No
2372,30K - 75K,No
2373,More than 75K,Yes
2374,More than 75K,No
2375,More than 75K,No
2376,More than 75K,No
2377,30K - 75K,No
2378,More than 75K,No
2379,Less than 30K,No
2380,Less than 30K,No
2381,More than 75K,Yes
2382,More than 75K,No
2383,Less than 30K,No
2384,More than 75K,Yes
2385,30K - 75K,No
2386,Less than 30K,No
2387,Less than 30K,No
2388,30K - 75K,Yes
2389,30K - 75K,No
2390,More than 75K,No
2391,More than 75K,Yes
2392,More than 75K,Yes
2393,Less than 30K,Yes
2394,More than 75K,Yes
2395,More than 75K,No
2396,Less than 30K,No
2397,Less than 30K,No
2398,30K - 75K,No
2399,30K - 75K,No
2400,Less than 30K,No
2401,Less than 30K,No
2402,30K - 75K,No
2403,30K - 75K,No
2404,More than 75K,No